schedule_group,object_label,equipment,quantity,unit,source_row
1,Объект,МОД,55,шт.,7
1,Объект,Кабельные линии АКМ,11927,м.,8
1,Объект,Кабельные линии ДУ,11860,м.,9
1,Объект,МУИ,7,шт.,10
1,Объект,БП,7,шт.,11
1,Объект,"БУиК, БСУ",16,шт.,12
2,Объект,Кабельные линии ДУ,7825,м.,14
2,Объект,Кабельные линии АКМ,6930,м.,15
2,Объект,"БУиК, БСУ",12,шт.,16
2,Объект,Аппарат сигнализации (АС-9),20,шт.,17
2,Объект,Газоанализаторы,56,шт.,18
3,Объект,Кабельные линии ДУ,12168,м.,20
3,Объект,Кабельные линии АКМ,14426,м.,21
3,Объект,МУСБ,42,шт.,22
3,Объект,Газоанализаторы,62,шт.,23
3,Объект,ПККГ,3,шт.,24
3,Объект,БП,5,шт.,25
3,Объект,Повторитель интерфейса,13,шт.,26
3,Объект,Двухпортовый преобразователь,2,шт.,27
4,Объект,Кабельные линии ДУ,1135,м.,29
4,Объект,Пульт СЗ (ПУИ),1,шт.,30
4,Объект,Кабельные линии АКМ,930,м.,31
4,Объект,БП,1,шт.,32
4,Объект,"БУиК, БСУ",3,шт.,33
4,Объект,Газоанализаторы,13,шт.,34
5,Объект,Газоанализаторы,34,шт.,36
5,Объект,Кабельные линии ДУ,9903,м.,37
5,Объект,Кабельные линии АКМ,13749,м.,38
5,Объект,"БУиК, БСУ",8,шт.,39
5,Объект,ПККГ,3,шт.,40
5,Объект,БП,6,шт.,41
5,Объект,Повторитель интерфейса,1,шт.,42
5,Объект,Двухпортовый преобразователь ,3,шт.,43
6,Объект,Кабельные линии АКМ,2606,м.,46
6,Объект,Кабельные линии ДУ,2536,м.,47
6,Объект,Пульт СЗ (ПУИ),1,шт.,48
6,Объект,БП,1,шт.,49
6,Объект,"БУиК, БСУ",2,шт.,50
6,Объект,Газоанализаторы,12,шт.,51
7,Объект,Пульт СЗ (ПУИ),4,шт.,53
7,Объект,Кабельные линии АКМ,13300,м.,54
7,Объект,Кабельные линии ДУ,6781,м.,55
7,Объект,МУСБ,68,шт.,56
7,Объект,Усилитель линии УСЛБ-А,6,шт.,57
7,Объект,БП,1,шт.,58
7,Объект,"БУиК, БСУ",4,шт.,59
7,Объект,Газоанализаторы,101,шт.,60
8,Объект,Кабельные линии ДУ,5670,м.,62
8,Объект,Пульт СЗ (ПУИ),1,шт.,63
8,Объект,Кабельные линии АКМ,7850,м.,64
8,Объект,БП,1,шт.,65
8,Объект,"БУиК, БСУ",8,шт.,66
8,Объект,Газоанализаторы,47,шт.,67
9,к-р Ясенево,Кабельные линии ДУ,7275,м.,69
9,к-р Ясенево,МУСБ,45,шт.,70
9,к-р Ясенево,ИБП,4,шт.,71
9,к-р Ясенево,Кабельные линии АКМ,40,м.,72
9,к-р Ясенево,УЛСБ,6,шт.,73
9,к-р Ясенево,Газоанализаторы,95,шт.,74
9,к-р Ясенево,ГАСБ,40,шт.,77
10,Объект,Кабельные линии ДУ ,490,м.,79
10,Объект,"БУиК, БСУ",3,шт.,80
11,Объект,Кабельные линии ДУ,1190,м.,82
11,Объект,Кабельные линии АКМ,1687,м.,83
11,Объект,"БУиК, БСУ",2,шт.,84
11,Объект,Пульт СЗ (ПУИ),1,шт.,85
11,Объект,Газоанализаторы,14,шт.,86
12,Объект,БП,1,шт.,88
12,Объект,Кабельные линии ДУ,2530,м.,89
12,Объект,Газоанализаторы,21,шт.,90
12,Объект,"БУиК, БСУ",4,шт.,91
13,Объект,Кабельные линии ДУ,3805,м.,93
13,Объект,Газоанализаторы,21,шт.,94
13,Объект,"БУиК, БСУ",2,шт.,95
13,Объект,Кабельные линии АКМ,6910,м.,96
13,Объект,Пульт СЗ (ПУИ),1,шт.,97
14,Объект,Кабельные линии ДУ,1707,м.,99
14,Объект,МУСБ,43,шт.,100
14,Объект,Кабельные линии АКМ,27.5,м.,101
14,Объект,ГАСБ,33,шт.,102
15,Объект,Газоанализаторы,41,шт.,104
15,Объект,Кабельные линии ДУ,4172,м.,105
15,Объект,Кабельные линии АКМ,8125,м.,106
15,Объект,МУСБ,27,шт.,107
15,Объект,ПККГ,2,шт.,108
15,Объект,БП,3,шт.,109
15,Объект,Повторитель интерфейса,7,шт.,110
16,Объект,Кабельные линии ДУ,28090,м.,112
16,Объект,Пульт СЗ (ПУИ),3,шт.,113
16,Объект,БП,2,шт.,114
16,Объект,Кабельные линии АКМ,21800,м.,115
16,Объект,"БУиК, БСУ",24,шт.,116
16,Объект,Газоанализаторы,102,шт.,117
17,Объект,Кабельные линии ДУ,1155,м.,119
17,Объект,Кабельные линии АКМ,26,м.,120
17,Объект,МУСБ,79,шт.,121
17,Объект,ГАСБ,26,шт.,122
17,Объект,ИБП,3,шт.,123
17,Объект,БП,3,шт.,124
17,Объект,БП,8,шт.,125
17,Объект,УЛСБ-А,22,шт.,127
18,Объект,Газоанализаторы,79,шт.,129
18,Объект,Кабельные линии ДУ,1055,м.,130
18,Объект,Повторитель интерфейса,9,шт.,131
18,Объект,Двухпортовый преобразователь N-port 5232,2,шт.,132
18,Объект,ПККГ,4,шт.,133
18,Объект,БП,4,шт.,134
18,Объект,Кабельные линии АКМ,11918,м.,135
18,Объект,МУСБ,59,шт.,136
19,Объект,Кабельные линии ДУ ,1449,м.,138
19,Объект,Кабельные линии АКМ,1458,шт.,139
19,Объект,МУСБ,9,шт.,140
19,Объект,ГАСБ,17,шт.,141
19,Объект,ИБП,2,шт.,142
19,Объект,УЛСБ-А,2,шт.,143
20,Объект,Кабельные линии ДУ,3570,м.,145
20,Объект,Кабельные линии АКМ,1850,м.,146
20,Объект,"БУиК, БСУ",3,шт.,147
20,Объект,Аппарат сигнализации (АС-9),8,шт.,148
20,Объект,Газоанализаторы,22,шт.,149
21,Объект,Кабельные линии ДУ,5740,м.,150
21,Объект,Кабельные линии АКМ,40,м.,151
21,Объект,МУСБ,31,шт.,152
21,Объект,ГАСБ,36,шт.,153
21,Объект,ИБП,4,шт.,154
21,Объект,УЛСБ-А,6,шт.,155
22,Объект,ГАСБ,4,шт.,157
22,Объект,Кабельные линии АКМ,4,м.,158
23,Объект,Кабельные линии ДУ,5310,м.,160
23,Объект,Пульт СЗ (ПУИ),3,шт.,161
23,Объект,БП,2,шт.,162
23,Объект,Кабельные линии АКМ,17346,м.,163
23,Объект,УЛСБ-А,3,шт.,164
23,Объект,МУСБ,15,шт.,165
23,Объект,"БУиК, БСУ",6,шт.,166
23,Объект,Газоанализаторы,117,шт.,167
24,Объект,Кабельные линии ДУ ,1135,м.,169
24,Объект,Кабельные линии АКМ,520,м.,170
24,Объект,МУСБ,49,шт.,171
24,Объект,ГАСБ,55,шт.,172
