schedule_group,object_label,equipment,quantity,unit,plan_year,month,action,source_row,source_cell
1,Объект,МОД,55,шт.,2026,2,ТО,7,H7
1,Объект,МОД,55,шт.,2026,5,ТО,7,K7
1,Объект,МОД,55,шт.,2026,8,ТО,7,N7
1,Объект,МОД,55,шт.,2026,11,ТО+ТР,7,Q7
1,Объект,Кабельные линии АКМ,11927,м.,2026,5,ТО,8,K8
1,Объект,Кабельные линии АКМ,11927,м.,2026,11,ТО+ТР,8,Q8
1,Объект,Кабельные линии ДУ,11860,м.,2026,5,ТО,9,K9
1,Объект,Кабельные линии ДУ,11860,м.,2026,11,ТО+ТР,9,Q9
1,Объект,МУИ,7,шт.,2026,2,ТО,10,H10
1,Объект,МУИ,7,шт.,2026,5,ТО,10,K10
1,Объект,МУИ,7,шт.,2026,8,ТО,10,N10
1,Объект,МУИ,7,шт.,2026,11,ТО+ТР,10,Q10
1,Объект,БП,7,шт.,2026,2,ТО,11,H11
1,Объект,БП,7,шт.,2026,5,ТО,11,K11
1,Объект,БП,7,шт.,2026,8,ТО,11,N11
1,Объект,БП,7,шт.,2026,11,ТО+ТР,11,Q11
1,Объект,"БУиК, БСУ",16,шт.,2026,1,ТО,12,G12
1,Объект,"БУиК, БСУ",16,шт.,2026,3,ТО,12,I12
1,Объект,"БУиК, БСУ",16,шт.,2026,5,ТО,12,K12
1,Объект,"БУиК, БСУ",16,шт.,2026,7,ТО,12,M12
1,Объект,"БУиК, БСУ",16,шт.,2026,9,ТО,12,O12
1,Объект,"БУиК, БСУ",16,шт.,2026,11,ТО+ТР,12,Q12
2,Объект,Кабельные линии ДУ,7825,м.,2026,1,ТО+ТР,14,G14
2,Объект,Кабельные линии ДУ,7825,м.,2026,7,ТО,14,M14
2,Объект,Кабельные линии АКМ,6930,м.,2026,1,ТО+ТР,15,G15
2,Объект,Кабельные линии АКМ,6930,м.,2026,7,ТО,15,M15
2,Объект,"БУиК, БСУ",12,шт.,2026,1,ТО+ТР,16,G16
2,Объект,"БУиК, БСУ",12,шт.,2026,3,ТО,16,I16
2,Объект,"БУиК, БСУ",12,шт.,2026,5,ТО,16,K16
2,Объект,"БУиК, БСУ",12,шт.,2026,7,ТО,16,M16
2,Объект,"БУиК, БСУ",12,шт.,2026,9,ТО,16,O16
2,Объект,"БУиК, БСУ",12,шт.,2026,11,ТО,16,Q16
2,Объект,Аппарат сигнализации (АС-9),20,шт.,2026,1,ТО+ТР,17,G17
2,Объект,Аппарат сигнализации (АС-9),20,шт.,2026,3,ТО,17,I17
2,Объект,Аппарат сигнализации (АС-9),20,шт.,2026,5,ТО,17,K17
2,Объект,Аппарат сигнализации (АС-9),20,шт.,2026,7,ТО,17,M17
2,Объект,Аппарат сигнализации (АС-9),20,шт.,2026,9,ТО,17,O17
2,Объект,Аппарат сигнализации (АС-9),20,шт.,2026,11,ТО,17,Q17
2,Объект,Газоанализаторы,56,шт.,2026,1,ТО+ТР,18,G18
2,Объект,Газоанализаторы,56,шт.,2026,3,ТО,18,I18
2,Объект,Газоанализаторы,56,шт.,2026,5,ТО,18,K18
2,Объект,Газоанализаторы,56,шт.,2026,7,ТО,18,M18
2,Объект,Газоанализаторы,56,шт.,2026,9,ТО,18,O18
2,Объект,Газоанализаторы,56,шт.,2026,11,ТО,18,Q18
3,Объект,Кабельные линии ДУ,12168,м.,2026,2,ТО+ТР,20,H20
3,Объект,Кабельные линии ДУ,12168,м.,2026,8,ТО,20,N20
3,Объект,Кабельные линии АКМ,14426,м.,2026,2,ТО+ТР,21,H21
3,Объект,Кабельные линии АКМ,14426,м.,2026,8,ТО,21,N21
3,Объект,МУСБ,42,шт.,2026,2,ТО+ТР,22,H22
3,Объект,МУСБ,42,шт.,2026,5,ТО,22,K22
3,Объект,МУСБ,42,шт.,2026,8,ТО,22,N22
3,Объект,МУСБ,42,шт.,2026,11,ТО,22,Q22
3,Объект,Газоанализаторы,62,шт.,2026,2,ТО+ТР,23,H23
3,Объект,Газоанализаторы,62,шт.,2026,5,ТО,23,K23
3,Объект,Газоанализаторы,62,шт.,2026,8,ТО,23,N23
3,Объект,Газоанализаторы,62,шт.,2026,11,ТО,23,Q23
3,Объект,ПККГ,3,шт.,2026,2,ТО+ТР,24,H24
3,Объект,ПККГ,3,шт.,2026,5,ТО,24,K24
3,Объект,ПККГ,3,шт.,2026,8,ТО,24,N24
3,Объект,ПККГ,3,шт.,2026,11,ТО,24,Q24
3,Объект,БП,5,шт.,2026,2,ТО+ТР,25,H25
3,Объект,БП,5,шт.,2026,5,ТО,25,K25
3,Объект,БП,5,шт.,2026,8,ТО,25,N25
3,Объект,БП,5,шт.,2026,11,ТО,25,Q25
3,Объект,Повторитель интерфейса,13,шт.,2026,2,ТО+ТР,26,H26
3,Объект,Повторитель интерфейса,13,шт.,2026,5,ТО,26,K26
3,Объект,Повторитель интерфейса,13,шт.,2026,8,ТО,26,N26
3,Объект,Повторитель интерфейса,13,шт.,2026,11,ТО,26,Q26
3,Объект,Двухпортовый преобразователь,2,шт.,2026,2,ТО+ТР,27,H27
3,Объект,Двухпортовый преобразователь,2,шт.,2026,5,ТО,27,K27
3,Объект,Двухпортовый преобразователь,2,шт.,2026,8,ТО,27,N27
3,Объект,Двухпортовый преобразователь,2,шт.,2026,11,ТО,27,Q27
4,Объект,Кабельные линии ДУ,1135,м.,2026,1,ТО+ТР,29,G29
4,Объект,Кабельные линии ДУ,1135,м.,2026,7,ТО,29,M29
4,Объект,Пульт СЗ (ПУИ),1,шт.,2026,1,ТО+ТР,30,G30
4,Объект,Пульт СЗ (ПУИ),1,шт.,2026,3,ТО,30,I30
4,Объект,Пульт СЗ (ПУИ),1,шт.,2026,5,ТО,30,K30
4,Объект,Пульт СЗ (ПУИ),1,шт.,2026,7,ТО,30,M30
4,Объект,Пульт СЗ (ПУИ),1,шт.,2026,9,ТО,30,O30
4,Объект,Пульт СЗ (ПУИ),1,шт.,2026,11,ТО,30,Q30
4,Объект,Кабельные линии АКМ,930,м.,2026,1,ТО+ТР,31,G31
4,Объект,Кабельные линии АКМ,930,м.,2026,7,ТО,31,M31
4,Объект,БП,1,шт.,2026,1,ТО+ТР,32,G32
4,Объект,БП,1,шт.,2026,3,ТО,32,I32
4,Объект,БП,1,шт.,2026,5,ТО,32,K32
4,Объект,БП,1,шт.,2026,7,ТО,32,M32
4,Объект,БП,1,шт.,2026,9,ТО,32,O32
4,Объект,БП,1,шт.,2026,11,ТО,32,Q32
4,Объект,"БУиК, БСУ",3,шт.,2026,1,ТО+ТР,33,G33
4,Объект,"БУиК, БСУ",3,шт.,2026,3,ТО,33,I33
4,Объект,"БУиК, БСУ",3,шт.,2026,5,ТО,33,K33
4,Объект,"БУиК, БСУ",3,шт.,2026,7,ТО,33,M33
4,Объект,"БУиК, БСУ",3,шт.,2026,9,ТО,33,O33
4,Объект,"БУиК, БСУ",3,шт.,2026,11,ТО,33,Q33
4,Объект,Газоанализаторы,13,шт.,2026,1,ТО+ТР,34,G34
4,Объект,Газоанализаторы,13,шт.,2026,3,ТО,34,I34
4,Объект,Газоанализаторы,13,шт.,2026,5,ТО,34,K34
4,Объект,Газоанализаторы,13,шт.,2026,7,ТО,34,M34
4,Объект,Газоанализаторы,13,шт.,2026,9,ТО,34,O34
4,Объект,Газоанализаторы,13,шт.,2026,11,ТО,34,Q34
5,Объект,Газоанализаторы,34,шт.,2026,1,ТО,36,G36
5,Объект,Газоанализаторы,34,шт.,2026,4,ТО+ТР,36,J36
5,Объект,Газоанализаторы,34,шт.,2026,7,ТО,36,M36
5,Объект,Газоанализаторы,34,шт.,2026,10,ТО,36,P36
5,Объект,Кабельные линии ДУ,9903,м.,2026,4,ТО+ТР,37,J37
5,Объект,Кабельные линии ДУ,9903,м.,2026,10,ТО,37,P37
5,Объект,Кабельные линии АКМ,13749,м.,2026,4,ТО+ТР,38,J38
5,Объект,Кабельные линии АКМ,13749,м.,2026,10,ТО,38,P38
5,Объект,"БУиК, БСУ",8,шт.,2026,2,ТО,39,H39
5,Объект,"БУиК, БСУ",8,шт.,2026,4,ТО+ТР,39,J39
5,Объект,"БУиК, БСУ",8,шт.,2026,6,ТО,39,L39
5,Объект,"БУиК, БСУ",8,шт.,2026,8,ТО,39,N39
5,Объект,"БУиК, БСУ",8,шт.,2026,10,ТО,39,P39
5,Объект,"БУиК, БСУ",8,шт.,2026,12,ТО,39,R39
5,Объект,ПККГ,3,шт.,2026,1,ТО,40,G40
5,Объект,ПККГ,3,шт.,2026,4,ТО+ТР,40,J40
5,Объект,ПККГ,3,шт.,2026,7,ТО,40,M40
5,Объект,ПККГ,3,шт.,2026,10,ТО,40,P40
5,Объект,БП,6,шт.,2026,1,ТО,41,G41
5,Объект,БП,6,шт.,2026,4,ТО+ТР,41,J41
5,Объект,БП,6,шт.,2026,7,ТО,41,M41
5,Объект,БП,6,шт.,2026,10,ТО,41,P41
5,Объект,Повторитель интерфейса,1,шт.,2026,1,ТО,42,G42
5,Объект,Повторитель интерфейса,1,шт.,2026,4,ТО+ТР,42,J42
5,Объект,Повторитель интерфейса,1,шт.,2026,7,ТО,42,M42
5,Объект,Повторитель интерфейса,1,шт.,2026,10,ТО,42,P42
5,Объект,Двухпортовый преобразователь ,3,шт.,2026,1,ТО,43,G43
5,Объект,Двухпортовый преобразователь ,3,шт.,2026,4,ТО+ТР,43,J43
5,Объект,Двухпортовый преобразователь ,3,шт.,2026,7,ТО,43,M43
5,Объект,Двухпортовый преобразователь ,3,шт.,2026,10,ТО,43,P43
6,Объект,Кабельные линии АКМ,2606,м.,2026,4,ТО+ТР,46,J46
6,Объект,Кабельные линии АКМ,2606,м.,2026,10,ТО,46,P46
6,Объект,Кабельные линии ДУ,2536,м.,2026,4,ТО+ТР,47,J47
6,Объект,Кабельные линии ДУ,2536,м.,2026,10,ТО,47,P47
6,Объект,Пульт СЗ (ПУИ),1,шт.,2026,2,ТО,48,H48
6,Объект,Пульт СЗ (ПУИ),1,шт.,2026,4,ТО+ТР,48,J48
6,Объект,Пульт СЗ (ПУИ),1,шт.,2026,6,ТО,48,L48
6,Объект,Пульт СЗ (ПУИ),1,шт.,2026,8,ТО,48,N48
6,Объект,Пульт СЗ (ПУИ),1,шт.,2026,10,ТО,48,P48
6,Объект,Пульт СЗ (ПУИ),1,шт.,2026,12,ТО,48,R48
6,Объект,БП,1,шт.,2026,2,ТО,49,H49
6,Объект,БП,1,шт.,2026,4,ТО+ТР,49,J49
6,Объект,БП,1,шт.,2026,6,ТО,49,L49
6,Объект,БП,1,шт.,2026,8,ТО,49,N49
6,Объект,БП,1,шт.,2026,10,ТО,49,P49
6,Объект,БП,1,шт.,2026,12,ТО,49,R49
6,Объект,"БУиК, БСУ",2,шт.,2026,2,ТО,50,H50
6,Объект,"БУиК, БСУ",2,шт.,2026,4,ТО+ТР,50,J50
6,Объект,"БУиК, БСУ",2,шт.,2026,6,ТО,50,L50
6,Объект,"БУиК, БСУ",2,шт.,2026,8,ТО,50,N50
6,Объект,"БУиК, БСУ",2,шт.,2026,10,ТО,50,P50
6,Объект,"БУиК, БСУ",2,шт.,2026,12,ТО,50,R50
6,Объект,Газоанализаторы,12,шт.,2026,2,ТО,51,H51
6,Объект,Газоанализаторы,12,шт.,2026,4,ТО+ТР,51,J51
6,Объект,Газоанализаторы,12,шт.,2026,6,ТО,51,L51
6,Объект,Газоанализаторы,12,шт.,2026,8,ТО,51,N51
6,Объект,Газоанализаторы,12,шт.,2026,10,ТО,51,P51
6,Объект,Газоанализаторы,12,шт.,2026,12,ТО,51,R51
7,Объект,Пульт СЗ (ПУИ),4,шт.,2026,2,ТО,53,H53
7,Объект,Пульт СЗ (ПУИ),4,шт.,2026,4,ТО+ТР,53,J53
7,Объект,Пульт СЗ (ПУИ),4,шт.,2026,6,ТО,53,L53
7,Объект,Пульт СЗ (ПУИ),4,шт.,2026,8,ТО,53,N53
7,Объект,Пульт СЗ (ПУИ),4,шт.,2026,10,ТО,53,P53
7,Объект,Пульт СЗ (ПУИ),4,шт.,2026,12,ТО,53,R53
7,Объект,Кабельные линии АКМ,13300,м.,2026,4,ТО+ТР,54,J54
7,Объект,Кабельные линии АКМ,13300,м.,2026,10,ТО,54,P54
7,Объект,Кабельные линии ДУ,6781,м.,2026,4,ТО+ТР,55,J55
7,Объект,Кабельные линии ДУ,6781,м.,2026,10,ТО,55,P55
7,Объект,МУСБ,68,шт.,2026,1,ТО,56,G56
7,Объект,МУСБ,68,шт.,2026,4,ТО+ТР,56,J56
7,Объект,МУСБ,68,шт.,2026,7,ТО,56,M56
7,Объект,МУСБ,68,шт.,2026,10,ТО,56,P56
7,Объект,Усилитель линии УСЛБ-А,6,шт.,2026,1,ТО,57,G57
7,Объект,Усилитель линии УСЛБ-А,6,шт.,2026,4,ТО+ТР,57,J57
7,Объект,Усилитель линии УСЛБ-А,6,шт.,2026,7,ТО,57,M57
7,Объект,Усилитель линии УСЛБ-А,6,шт.,2026,10,ТО,57,P57
7,Объект,БП,1,шт.,2026,2,ТО,58,H58
7,Объект,БП,1,шт.,2026,4,ТО+ТР,58,J58
7,Объект,БП,1,шт.,2026,6,ТО,58,L58
7,Объект,БП,1,шт.,2026,8,ТО,58,N58
7,Объект,БП,1,шт.,2026,10,ТО,58,P58
7,Объект,БП,1,шт.,2026,12,ТО,58,R58
7,Объект,"БУиК, БСУ",4,шт.,2026,2,ТО,59,H59
7,Объект,"БУиК, БСУ",4,шт.,2026,4,ТО+ТР,59,J59
7,Объект,"БУиК, БСУ",4,шт.,2026,6,ТО,59,L59
7,Объект,"БУиК, БСУ",4,шт.,2026,8,ТО,59,N59
7,Объект,"БУиК, БСУ",4,шт.,2026,10,ТО,59,P59
7,Объект,"БУиК, БСУ",4,шт.,2026,12,ТО,59,R59
7,Объект,Газоанализаторы,101,шт.,2026,2,ТО,60,H60
7,Объект,Газоанализаторы,101,шт.,2026,4,ТО+ТР,60,J60
7,Объект,Газоанализаторы,101,шт.,2026,6,ТО,60,L60
7,Объект,Газоанализаторы,101,шт.,2026,8,ТО,60,N60
7,Объект,Газоанализаторы,101,шт.,2026,10,ТО,60,P60
7,Объект,Газоанализаторы,101,шт.,2026,12,ТО,60,R60
8,Объект,Кабельные линии ДУ,5670,м.,2026,2,ТО+ТР,62,H62
8,Объект,Кабельные линии ДУ,5670,м.,2026,8,ТО,62,N62
8,Объект,Пульт СЗ (ПУИ),1,шт.,2026,2,ТО+ТР,63,H63
8,Объект,Пульт СЗ (ПУИ),1,шт.,2026,4,ТО,63,J63
8,Объект,Пульт СЗ (ПУИ),1,шт.,2026,6,ТО,63,L63
8,Объект,Пульт СЗ (ПУИ),1,шт.,2026,8,ТО,63,N63
8,Объект,Пульт СЗ (ПУИ),1,шт.,2026,10,ТО,63,P63
8,Объект,Пульт СЗ (ПУИ),1,шт.,2026,12,ТО,63,R63
8,Объект,Кабельные линии АКМ,7850,м.,2026,2,ТО+ТР,64,H64
8,Объект,Кабельные линии АКМ,7850,м.,2026,8,ТО,64,N64
8,Объект,БП,1,шт.,2026,2,ТО+ТР,65,H65
8,Объект,БП,1,шт.,2026,4,ТО,65,J65
8,Объект,БП,1,шт.,2026,6,ТО,65,L65
8,Объект,БП,1,шт.,2026,8,ТО,65,N65
8,Объект,БП,1,шт.,2026,10,ТО,65,P65
8,Объект,БП,1,шт.,2026,12,ТО,65,R65
8,Объект,"БУиК, БСУ",8,шт.,2026,2,ТО+ТР,66,H66
8,Объект,"БУиК, БСУ",8,шт.,2026,4,ТО,66,J66
8,Объект,"БУиК, БСУ",8,шт.,2026,6,ТО,66,L66
8,Объект,"БУиК, БСУ",8,шт.,2026,8,ТО,66,N66
8,Объект,"БУиК, БСУ",8,шт.,2026,10,ТО,66,P66
8,Объект,"БУиК, БСУ",8,шт.,2026,12,ТО,66,R66
8,Объект,Газоанализаторы,47,шт.,2026,2,ТО+ТР,67,H67
8,Объект,Газоанализаторы,47,шт.,2026,4,ТО,67,J67
8,Объект,Газоанализаторы,47,шт.,2026,6,ТО,67,L67
8,Объект,Газоанализаторы,47,шт.,2026,8,ТО,67,N67
8,Объект,Газоанализаторы,47,шт.,2026,10,ТО,67,P67
8,Объект,Газоанализаторы,47,шт.,2026,12,ТО,67,R67
9,к-р Ясенево,Кабельные линии ДУ,7275,м.,2026,5,ТО+ТР,69,K69
9,к-р Ясенево,Кабельные линии ДУ,7275,м.,2026,11,ТО,69,Q69
9,к-р Ясенево,МУСБ,45,шт.,2026,2,ТО,70,H70
9,к-р Ясенево,МУСБ,45,шт.,2026,5,ТО+ТР,70,K70
9,к-р Ясенево,МУСБ,45,шт.,2026,8,ТО,70,N70
9,к-р Ясенево,МУСБ,45,шт.,2026,11,ТО,70,Q70
9,к-р Ясенево,ИБП,4,шт.,2026,2,ТО,71,H71
9,к-р Ясенево,ИБП,4,шт.,2026,5,ТО+ТР,71,K71
9,к-р Ясенево,ИБП,4,шт.,2026,8,ТО,71,N71
9,к-р Ясенево,ИБП,4,шт.,2026,11,ТО,71,Q71
9,к-р Ясенево,Кабельные линии АКМ,40,м.,2026,5,ТО+ТР,72,K72
9,к-р Ясенево,Кабельные линии АКМ,40,м.,2026,11,ТО,72,Q72
9,к-р Ясенево,УЛСБ,6,шт.,2026,2,ТО,73,H73
9,к-р Ясенево,УЛСБ,6,шт.,2026,5,ТО+ТР,73,K73
9,к-р Ясенево,УЛСБ,6,шт.,2026,8,ТО,73,N73
9,к-р Ясенево,УЛСБ,6,шт.,2026,11,ТО,73,Q73
9,к-р Ясенево,ГАСБ,40,шт.,2026,2,ТО,77,H77
9,к-р Ясенево,ГАСБ,40,шт.,2026,5,ТО+ТР,77,K77
9,к-р Ясенево,ГАСБ,40,шт.,2026,8,ТО,77,N77
9,к-р Ясенево,ГАСБ,40,шт.,2026,11,ТО,77,Q77
10,Объект,Кабельные линии ДУ ,490,м.,2026,5,ТО+ТР,79,K79
10,Объект,Кабельные линии ДУ ,490,м.,2026,11,ТО,79,Q79
10,Объект,"БУиК, БСУ",3,шт.,2026,1,ТО,80,G80
10,Объект,"БУиК, БСУ",3,шт.,2026,3,ТО,80,I80
10,Объект,"БУиК, БСУ",3,шт.,2026,5,ТО+ТР,80,K80
10,Объект,"БУиК, БСУ",3,шт.,2026,7,ТО,80,M80
10,Объект,"БУиК, БСУ",3,шт.,2026,9,ТО,80,O80
10,Объект,"БУиК, БСУ",3,шт.,2026,11,ТО,80,Q80
11,Объект,Кабельные линии ДУ,1190,м.,2026,5,ТО+ТР,82,K82
11,Объект,Кабельные линии ДУ,1190,м.,2026,11,ТО,82,Q82
11,Объект,Кабельные линии АКМ,1687,м.,2026,5,ТО+ТР,83,K83
11,Объект,Кабельные линии АКМ,1687,м.,2026,11,ТО,83,Q83
11,Объект,"БУиК, БСУ",2,шт.,2026,1,ТО,84,G84
11,Объект,"БУиК, БСУ",2,шт.,2026,3,ТО,84,I84
11,Объект,"БУиК, БСУ",2,шт.,2026,5,ТО+ТР,84,K84
11,Объект,"БУиК, БСУ",2,шт.,2026,7,ТО,84,M84
11,Объект,"БУиК, БСУ",2,шт.,2026,9,ТО,84,O84
11,Объект,"БУиК, БСУ",2,шт.,2026,11,ТО,84,Q84
11,Объект,Пульт СЗ (ПУИ),1,шт.,2026,1,ТО,85,G85
11,Объект,Пульт СЗ (ПУИ),1,шт.,2026,3,ТО,85,I85
11,Объект,Пульт СЗ (ПУИ),1,шт.,2026,5,ТО+ТР,85,K85
11,Объект,Пульт СЗ (ПУИ),1,шт.,2026,7,ТО,85,M85
11,Объект,Пульт СЗ (ПУИ),1,шт.,2026,9,ТО,85,O85
11,Объект,Пульт СЗ (ПУИ),1,шт.,2026,11,ТО,85,Q85
11,Объект,Газоанализаторы,14,шт.,2026,1,ТО,86,G86
11,Объект,Газоанализаторы,14,шт.,2026,3,ТО,86,I86
11,Объект,Газоанализаторы,14,шт.,2026,5,ТО+ТР,86,K86
11,Объект,Газоанализаторы,14,шт.,2026,7,ТО,86,M86
11,Объект,Газоанализаторы,14,шт.,2026,9,ТО,86,O86
11,Объект,Газоанализаторы,14,шт.,2026,11,ТО,86,Q86
12,Объект,БП,1,шт.,2026,1,ТО,88,G88
12,Объект,БП,1,шт.,2026,3,ТО,88,I88
12,Объект,БП,1,шт.,2026,5,ТО+ТР,88,K88
12,Объект,БП,1,шт.,2026,7,ТО,88,M88
12,Объект,БП,1,шт.,2026,9,ТО,88,O88
12,Объект,БП,1,шт.,2026,11,ТО,88,Q88
12,Объект,Кабельные линии ДУ,2530,м.,2026,5,ТО+ТР,89,K89
12,Объект,Кабельные линии ДУ,2530,м.,2026,11,ТО,89,Q89
12,Объект,Газоанализаторы,21,шт.,2026,1,ТО,90,G90
12,Объект,Газоанализаторы,21,шт.,2026,3,ТО,90,I90
12,Объект,Газоанализаторы,21,шт.,2026,5,ТО+ТР,90,K90
12,Объект,Газоанализаторы,21,шт.,2026,7,ТО,90,M90
12,Объект,Газоанализаторы,21,шт.,2026,9,ТО,90,O90
12,Объект,Газоанализаторы,21,шт.,2026,11,ТО,90,Q90
12,Объект,"БУиК, БСУ",4,шт.,2026,1,ТО,91,G91
12,Объект,"БУиК, БСУ",4,шт.,2026,3,ТО,91,I91
12,Объект,"БУиК, БСУ",4,шт.,2026,5,ТО+ТР,91,K91
12,Объект,"БУиК, БСУ",4,шт.,2026,7,ТО,91,M91
12,Объект,"БУиК, БСУ",4,шт.,2026,9,ТО,91,O91
12,Объект,"БУиК, БСУ",4,шт.,2026,11,ТО,91,Q91
13,Объект,Кабельные линии ДУ,3805,м.,2026,5,ТО+ТР,93,K93
13,Объект,Кабельные линии ДУ,3805,м.,2026,11,ТО,93,Q93
13,Объект,Газоанализаторы,21,шт.,2026,1,ТО,94,G94
13,Объект,Газоанализаторы,21,шт.,2026,3,ТО,94,I94
13,Объект,Газоанализаторы,21,шт.,2026,5,ТО+ТР,94,K94
13,Объект,Газоанализаторы,21,шт.,2026,7,ТО,94,M94
13,Объект,Газоанализаторы,21,шт.,2026,9,ТО,94,O94
13,Объект,Газоанализаторы,21,шт.,2026,11,ТО,94,Q94
13,Объект,"БУиК, БСУ",2,шт.,2026,1,ТО,95,G95
13,Объект,"БУиК, БСУ",2,шт.,2026,3,ТО,95,I95
13,Объект,"БУиК, БСУ",2,шт.,2026,5,ТО+ТР,95,K95
13,Объект,"БУиК, БСУ",2,шт.,2026,7,ТО,95,M95
13,Объект,"БУиК, БСУ",2,шт.,2026,9,ТО,95,O95
13,Объект,"БУиК, БСУ",2,шт.,2026,11,ТО,95,Q95
13,Объект,Кабельные линии АКМ,6910,м.,2026,5,ТО+ТР,96,K96
13,Объект,Кабельные линии АКМ,6910,м.,2026,11,ТО,96,Q96
13,Объект,Пульт СЗ (ПУИ),1,шт.,2026,1,ТО,97,G97
13,Объект,Пульт СЗ (ПУИ),1,шт.,2026,3,ТО,97,I97
13,Объект,Пульт СЗ (ПУИ),1,шт.,2026,5,ТО+ТР,97,K97
13,Объект,Пульт СЗ (ПУИ),1,шт.,2026,7,ТО,97,M97
13,Объект,Пульт СЗ (ПУИ),1,шт.,2026,9,ТО,97,O97
13,Объект,Пульт СЗ (ПУИ),1,шт.,2026,11,ТО,97,Q97
14,Объект,Кабельные линии ДУ,1707,м.,2026,6,ТО+ТР,99,L99
14,Объект,Кабельные линии ДУ,1707,м.,2026,12,ТО,99,R99
14,Объект,МУСБ,43,шт.,2026,3,ТО,100,I100
14,Объект,МУСБ,43,шт.,2026,6,ТО+ТР,100,L100
14,Объект,МУСБ,43,шт.,2026,9,ТО,100,O100
14,Объект,МУСБ,43,шт.,2026,12,ТО,100,R100
14,Объект,Кабельные линии АКМ,27.5,м.,2026,6,ТО+ТР,101,L101
14,Объект,Кабельные линии АКМ,27.5,м.,2026,12,ТО,101,R101
14,Объект,ГАСБ,33,шт.,2026,3,ТО,102,I102
14,Объект,ГАСБ,33,шт.,2026,6,ТО+ТР,102,L102
14,Объект,ГАСБ,33,шт.,2026,9,ТО,102,O102
14,Объект,ГАСБ,33,шт.,2026,12,ТО,102,R102
15,Объект,Газоанализаторы,41,шт.,2026,1,ТО,104,G104
15,Объект,Газоанализаторы,41,шт.,2026,4,ТО,104,J104
15,Объект,Газоанализаторы,41,шт.,2026,7,ТО+ТР,104,M104
15,Объект,Газоанализаторы,41,шт.,2026,10,ТО,104,P104
15,Объект,Кабельные линии ДУ,4172,м.,2026,1,ТО,105,G105
15,Объект,Кабельные линии ДУ,4172,м.,2026,7,ТО+ТР,105,M105
15,Объект,Кабельные линии АКМ,8125,м.,2026,1,ТО,106,G106
15,Объект,Кабельные линии АКМ,8125,м.,2026,7,ТО+ТР,106,M106
15,Объект,МУСБ,27,шт.,2026,1,ТО,107,G107
15,Объект,МУСБ,27,шт.,2026,4,ТО,107,J107
15,Объект,МУСБ,27,шт.,2026,7,ТО+ТР,107,M107
15,Объект,МУСБ,27,шт.,2026,10,ТО,107,P107
15,Объект,ПККГ,2,шт.,2026,1,ТО,108,G108
15,Объект,ПККГ,2,шт.,2026,4,ТО,108,J108
15,Объект,ПККГ,2,шт.,2026,7,ТО+ТР,108,M108
15,Объект,ПККГ,2,шт.,2026,10,ТО,108,P108
15,Объект,БП,3,шт.,2026,1,ТО,109,G109
15,Объект,БП,3,шт.,2026,4,ТО,109,J109
15,Объект,БП,3,шт.,2026,7,ТО+ТР,109,M109
15,Объект,БП,3,шт.,2026,10,ТО,109,P109
15,Объект,Повторитель интерфейса,7,шт.,2026,1,ТО,110,G110
15,Объект,Повторитель интерфейса,7,шт.,2026,4,ТО,110,J110
15,Объект,Повторитель интерфейса,7,шт.,2026,7,ТО+ТР,110,M110
15,Объект,Повторитель интерфейса,7,шт.,2026,10,ТО,110,P110
16,Объект,Кабельные линии ДУ,28090,м.,2026,3,ТО+ТР,112,I112
16,Объект,Кабельные линии ДУ,28090,м.,2026,9,ТО,112,O112
16,Объект,Пульт СЗ (ПУИ),3,шт.,2026,1,ТО,113,G113
16,Объект,Пульт СЗ (ПУИ),3,шт.,2026,3,ТО+ТР,113,I113
16,Объект,Пульт СЗ (ПУИ),3,шт.,2026,5,ТО,113,K113
16,Объект,Пульт СЗ (ПУИ),3,шт.,2026,7,ТО,113,M113
16,Объект,Пульт СЗ (ПУИ),3,шт.,2026,9,ТО,113,O113
16,Объект,Пульт СЗ (ПУИ),3,шт.,2026,11,ТО,113,Q113
16,Объект,БП,2,шт.,2026,1,ТО,114,G114
16,Объект,БП,2,шт.,2026,3,ТО+ТР,114,I114
16,Объект,БП,2,шт.,2026,5,ТО,114,K114
16,Объект,БП,2,шт.,2026,7,ТО,114,M114
16,Объект,БП,2,шт.,2026,9,ТО,114,O114
16,Объект,БП,2,шт.,2026,11,ТО,114,Q114
16,Объект,Кабельные линии АКМ,21800,м.,2026,3,ТО+ТР,115,I115
16,Объект,Кабельные линии АКМ,21800,м.,2026,9,ТО,115,O115
16,Объект,"БУиК, БСУ",24,шт.,2026,1,ТО,116,G116
16,Объект,"БУиК, БСУ",24,шт.,2026,3,ТО+ТР,116,I116
16,Объект,"БУиК, БСУ",24,шт.,2026,5,ТО,116,K116
16,Объект,"БУиК, БСУ",24,шт.,2026,7,ТО,116,M116
16,Объект,"БУиК, БСУ",24,шт.,2026,9,ТО,116,O116
16,Объект,"БУиК, БСУ",24,шт.,2026,11,ТО,116,Q116
16,Объект,Газоанализаторы,102,шт.,2026,1,ТО,117,G117
16,Объект,Газоанализаторы,102,шт.,2026,3,ТО+ТР,117,I117
16,Объект,Газоанализаторы,102,шт.,2026,5,ТО,117,K117
16,Объект,Газоанализаторы,102,шт.,2026,7,ТО,117,M117
16,Объект,Газоанализаторы,102,шт.,2026,9,ТО,117,O117
16,Объект,Газоанализаторы,102,шт.,2026,11,ТО,117,Q117
17,Объект,Кабельные линии ДУ,1155,м.,2026,3,ТО,119,I119
17,Объект,Кабельные линии ДУ,1155,м.,2026,9,ТО+ТР,119,O119
17,Объект,Кабельные линии АКМ,26,м.,2026,3,ТО,120,I120
17,Объект,Кабельные линии АКМ,26,м.,2026,9,ТО+ТР,120,O120
17,Объект,МУСБ,79,шт.,2026,3,ТО,121,I121
17,Объект,МУСБ,79,шт.,2026,6,ТО,121,L121
17,Объект,МУСБ,79,шт.,2026,9,ТО+ТР,121,O121
17,Объект,МУСБ,79,шт.,2026,12,ТО,121,R121
17,Объект,ГАСБ,26,шт.,2026,3,ТО,122,I122
17,Объект,ГАСБ,26,шт.,2026,6,ТО,122,L122
17,Объект,ГАСБ,26,шт.,2026,9,ТО+ТР,122,O122
17,Объект,ГАСБ,26,шт.,2026,12,ТО,122,R122
17,Объект,ИБП,3,шт.,2026,3,ТО,123,I123
17,Объект,ИБП,3,шт.,2026,6,ТО,123,L123
17,Объект,ИБП,3,шт.,2026,9,ТО+ТР,123,O123
17,Объект,ИБП,3,шт.,2026,12,ТО,123,R123
17,Объект,БП,3,шт.,2026,3,ТО,124,I124
17,Объект,БП,3,шт.,2026,6,ТО,124,L124
17,Объект,БП,3,шт.,2026,9,ТО+ТР,124,O124
17,Объект,БП,3,шт.,2026,12,ТО,124,R124
17,Объект,БП,8,шт.,2026,8,ТР,125,N125
17,Объект,БП,8,шт.,2026,9,ТР,125,O125
17,Объект,УЛСБ-А,22,шт.,2026,3,ТО,127,I127
17,Объект,УЛСБ-А,22,шт.,2026,6,ТО,127,L127
17,Объект,УЛСБ-А,22,шт.,2026,9,ТО+ТР,127,O127
17,Объект,УЛСБ-А,22,шт.,2026,12,ТО,127,R127
18,Объект,Газоанализаторы,79,шт.,2026,1,ТО,129,G129
18,Объект,Газоанализаторы,79,шт.,2026,4,ТО,129,J129
18,Объект,Газоанализаторы,79,шт.,2026,7,ТО,129,M129
18,Объект,Газоанализаторы,79,шт.,2026,10,ТО+ТР,129,P129
18,Объект,Кабельные линии ДУ,1055,м.,2026,4,ТО,130,J130
18,Объект,Кабельные линии ДУ,1055,м.,2026,10,ТО+ТР,130,P130
18,Объект,Повторитель интерфейса,9,шт.,2026,1,ТО,131,G131
18,Объект,Повторитель интерфейса,9,шт.,2026,4,ТО,131,J131
18,Объект,Повторитель интерфейса,9,шт.,2026,7,ТО,131,M131
18,Объект,Повторитель интерфейса,9,шт.,2026,10,ТО+ТР,131,P131
18,Объект,Двухпортовый преобразователь N-port 5232,2,шт.,2026,1,ТО,132,G132
18,Объект,Двухпортовый преобразователь N-port 5232,2,шт.,2026,4,ТО,132,J132
18,Объект,Двухпортовый преобразователь N-port 5232,2,шт.,2026,7,ТО,132,M132
18,Объект,Двухпортовый преобразователь N-port 5232,2,шт.,2026,10,ТО+ТР,132,P132
18,Объект,ПККГ,4,шт.,2026,1,ТО,133,G133
18,Объект,ПККГ,4,шт.,2026,4,ТО,133,J133
18,Объект,ПККГ,4,шт.,2026,7,ТО,133,M133
18,Объект,ПККГ,4,шт.,2026,10,ТО+ТР,133,P133
18,Объект,БП,4,шт.,2026,1,ТО,134,G134
18,Объект,БП,4,шт.,2026,4,ТО,134,J134
18,Объект,БП,4,шт.,2026,7,ТО,134,M134
18,Объект,БП,4,шт.,2026,10,ТО+ТР,134,P134
18,Объект,Кабельные линии АКМ,11918,м.,2026,4,ТО,135,J135
18,Объект,Кабельные линии АКМ,11918,м.,2026,10,ТО+ТР,135,P135
18,Объект,МУСБ,59,шт.,2026,1,ТО,136,G136
18,Объект,МУСБ,59,шт.,2026,4,ТО,136,J136
18,Объект,МУСБ,59,шт.,2026,7,ТО,136,M136
18,Объект,МУСБ,59,шт.,2026,10,ТО+ТР,136,P136
19,Объект,Кабельные линии ДУ ,1449,м.,2026,4,ТО,138,J138
19,Объект,Кабельные линии ДУ ,1449,м.,2026,10,ТО+ТР,138,P138
19,Объект,Кабельные линии АКМ,1458,шт.,2026,4,ТО,139,J139
19,Объект,Кабельные линии АКМ,1458,шт.,2026,10,ТО+ТР,139,P139
19,Объект,МУСБ,9,шт.,2026,1,ТО,140,G140
19,Объект,МУСБ,9,шт.,2026,4,ТО,140,J140
19,Объект,МУСБ,9,шт.,2026,7,ТО,140,M140
19,Объект,МУСБ,9,шт.,2026,10,ТО+ТР,140,P140
19,Объект,ГАСБ,17,шт.,2026,1,ТО,141,G141
19,Объект,ГАСБ,17,шт.,2026,4,ТО,141,J141
19,Объект,ГАСБ,17,шт.,2026,7,ТО,141,M141
19,Объект,ГАСБ,17,шт.,2026,10,ТО+ТР,141,P141
19,Объект,ИБП,2,шт.,2026,1,ТО,142,G142
19,Объект,ИБП,2,шт.,2026,4,ТО,142,J142
19,Объект,ИБП,2,шт.,2026,7,ТО,142,M142
19,Объект,ИБП,2,шт.,2026,10,ТО+ТР,142,P142
19,Объект,УЛСБ-А,2,шт.,2026,1,ТО,143,G143
19,Объект,УЛСБ-А,2,шт.,2026,4,ТО,143,J143
19,Объект,УЛСБ-А,2,шт.,2026,7,ТО,143,M143
19,Объект,УЛСБ-А,2,шт.,2026,10,ТО+ТР,143,P143
20,Объект,Кабельные линии ДУ,3570,м.,2026,4,ТО,145,J145
20,Объект,Кабельные линии ДУ,3570,м.,2026,10,ТО+ТР,145,P145
20,Объект,Кабельные линии АКМ,1850,м.,2026,4,ТО,146,J146
20,Объект,Кабельные линии АКМ,1850,м.,2026,10,ТО+ТР,146,P146
20,Объект,"БУиК, БСУ",3,шт.,2026,2,ТО,147,H147
20,Объект,"БУиК, БСУ",3,шт.,2026,4,ТО,147,J147
20,Объект,"БУиК, БСУ",3,шт.,2026,6,ТО,147,L147
20,Объект,"БУиК, БСУ",3,шт.,2026,8,ТО,147,N147
20,Объект,"БУиК, БСУ",3,шт.,2026,10,ТО+ТР,147,P147
20,Объект,"БУиК, БСУ",3,шт.,2026,12,ТО,147,R147
20,Объект,Аппарат сигнализации (АС-9),8,шт.,2026,2,ТО,148,H148
20,Объект,Аппарат сигнализации (АС-9),8,шт.,2026,4,ТО,148,J148
20,Объект,Аппарат сигнализации (АС-9),8,шт.,2026,6,ТО,148,L148
20,Объект,Аппарат сигнализации (АС-9),8,шт.,2026,8,ТО,148,N148
20,Объект,Аппарат сигнализации (АС-9),8,шт.,2026,10,ТО+ТР,148,P148
20,Объект,Аппарат сигнализации (АС-9),8,шт.,2026,12,ТО,148,R148
20,Объект,Газоанализаторы,22,шт.,2026,2,ТО,149,H149
20,Объект,Газоанализаторы,22,шт.,2026,4,ТО,149,J149
20,Объект,Газоанализаторы,22,шт.,2026,6,ТО,149,L149
20,Объект,Газоанализаторы,22,шт.,2026,8,ТО,149,N149
20,Объект,Газоанализаторы,22,шт.,2026,10,ТО+ТР,149,P149
20,Объект,Газоанализаторы,22,шт.,2026,12,ТО,149,R149
21,Объект,Кабельные линии ДУ,5740,м.,2026,4,ТО,150,J150
21,Объект,Кабельные линии ДУ,5740,м.,2026,10,ТО+ТР,150,P150
21,Объект,Кабельные линии АКМ,40,м.,2026,4,ТО,151,J151
21,Объект,Кабельные линии АКМ,40,м.,2026,10,ТО+ТР,151,P151
21,Объект,МУСБ,31,шт.,2026,1,ТО,152,G152
21,Объект,МУСБ,31,шт.,2026,4,ТО,152,J152
21,Объект,МУСБ,31,шт.,2026,7,ТО,152,M152
21,Объект,МУСБ,31,шт.,2026,10,ТО+ТР,152,P152
21,Объект,ГАСБ,36,шт.,2026,1,ТО,153,G153
21,Объект,ГАСБ,36,шт.,2026,4,ТО,153,J153
21,Объект,ГАСБ,36,шт.,2026,7,ТО,153,M153
21,Объект,ГАСБ,36,шт.,2026,10,ТО+ТР,153,P153
21,Объект,ИБП,4,шт.,2026,1,ТО,154,G154
21,Объект,ИБП,4,шт.,2026,4,ТО,154,J154
21,Объект,ИБП,4,шт.,2026,7,ТО,154,M154
21,Объект,ИБП,4,шт.,2026,10,ТО+ТР,154,P154
21,Объект,УЛСБ-А,6,шт.,2026,1,ТО,155,G155
21,Объект,УЛСБ-А,6,шт.,2026,4,ТО,155,J155
21,Объект,УЛСБ-А,6,шт.,2026,7,ТО,155,M155
21,Объект,УЛСБ-А,6,шт.,2026,10,ТО+ТР,155,P155
22,Объект,ГАСБ,4,шт.,2026,1,ТО,157,G157
22,Объект,ГАСБ,4,шт.,2026,4,ТО,157,J157
22,Объект,ГАСБ,4,шт.,2026,7,ТО,157,M157
22,Объект,ГАСБ,4,шт.,2026,10,ТО+ТР,157,P157
22,Объект,Кабельные линии АКМ,4,м.,2026,4,ТО,158,J158
22,Объект,Кабельные линии АКМ,4,м.,2026,10,ТО+ТР,158,P158
23,Объект,Кабельные линии ДУ,5310,м.,2026,2,ТО,160,H160
23,Объект,Кабельные линии ДУ,5310,м.,2026,8,ТО+ТР,160,N160
23,Объект,Пульт СЗ (ПУИ),3,шт.,2026,2,ТО,161,H161
23,Объект,Пульт СЗ (ПУИ),3,шт.,2026,4,ТО,161,J161
23,Объект,Пульт СЗ (ПУИ),3,шт.,2026,6,ТО,161,L161
23,Объект,Пульт СЗ (ПУИ),3,шт.,2026,8,ТО+ТР,161,N161
23,Объект,Пульт СЗ (ПУИ),3,шт.,2026,10,ТО,161,P161
23,Объект,Пульт СЗ (ПУИ),3,шт.,2026,12,ТО,161,R161
23,Объект,БП,2,шт.,2026,2,ТО,162,H162
23,Объект,БП,2,шт.,2026,4,ТО,162,J162
23,Объект,БП,2,шт.,2026,6,ТО,162,L162
23,Объект,БП,2,шт.,2026,8,ТО+ТР,162,N162
23,Объект,БП,2,шт.,2026,10,ТО,162,P162
23,Объект,БП,2,шт.,2026,12,ТО,162,R162
23,Объект,Кабельные линии АКМ,17346,м.,2026,2,ТО,163,H163
23,Объект,Кабельные линии АКМ,17346,м.,2026,8,ТО+ТР,163,N163
23,Объект,УЛСБ-А,3,шт.,2026,2,ТО,164,H164
23,Объект,УЛСБ-А,3,шт.,2026,5,ТО,164,K164
23,Объект,УЛСБ-А,3,шт.,2026,8,ТО+ТР,164,N164
23,Объект,УЛСБ-А,3,шт.,2026,11,ТО,164,Q164
23,Объект,МУСБ,15,шт.,2026,2,ТО,165,H165
23,Объект,МУСБ,15,шт.,2026,5,ТО,165,K165
23,Объект,МУСБ,15,шт.,2026,8,ТО+ТР,165,N165
23,Объект,МУСБ,15,шт.,2026,11,ТО,165,Q165
23,Объект,"БУиК, БСУ",6,шт.,2026,2,ТО,166,H166
23,Объект,"БУиК, БСУ",6,шт.,2026,4,ТО,166,J166
23,Объект,"БУиК, БСУ",6,шт.,2026,6,ТО,166,L166
23,Объект,"БУиК, БСУ",6,шт.,2026,8,ТО+ТР,166,N166
23,Объект,"БУиК, БСУ",6,шт.,2026,10,ТО,166,P166
23,Объект,"БУиК, БСУ",6,шт.,2026,12,ТО,166,R166
23,Объект,Газоанализаторы,117,шт.,2026,2,ТО,167,H167
23,Объект,Газоанализаторы,117,шт.,2026,4,ТО,167,J167
23,Объект,Газоанализаторы,117,шт.,2026,6,ТО,167,L167
23,Объект,Газоанализаторы,117,шт.,2026,8,ТО+ТР,167,N167
23,Объект,Газоанализаторы,117,шт.,2026,10,ТО,167,P167
23,Объект,Газоанализаторы,117,шт.,2026,12,ТО,167,R167
24,Объект,Кабельные линии ДУ ,1135,м.,2026,6,ТО,169,L169
24,Объект,Кабельные линии ДУ ,1135,м.,2026,12,ТО+ТР,169,R169
24,Объект,Кабельные линии АКМ,520,м.,2026,6,ТО,170,L170
24,Объект,Кабельные линии АКМ,520,м.,2026,12,ТО+ТР,170,R170
24,Объект,МУСБ,49,шт.,2026,3,ТО,171,I171
24,Объект,МУСБ,49,шт.,2026,6,ТО,171,L171
24,Объект,МУСБ,49,шт.,2026,9,ТО,171,O171
24,Объект,МУСБ,49,шт.,2026,12,ТО+ТР,171,R171
24,Объект,ГАСБ,55,шт.,2026,3,ТО,172,I172
24,Объект,ГАСБ,55,шт.,2026,6,ТО,172,L172
24,Объект,ГАСБ,55,шт.,2026,9,ТО,172,O172
24,Объект,ГАСБ,55,шт.,2026,12,ТО+ТР,172,R172
