division,plan_month,object_label,sensor_count,dismantle_start,delivery_text,return_date,acceptance_date,source_row
РЭК,Январь,Объект 1,56,2026-01-12T00:00:00,до 900 13.01.2026,2026-01-22T00:00:00,2026-01-27T00:00:00,10
РЭК,Январь,Объект 2,13,2026-01-12T00:00:00,до 900 13.01.2026,2026-01-22T00:00:00,2026-01-28T00:00:00,11
РЭК,Февраль,Объект 3,62,2026-01-29T00:00:00,до 900 30.01.2026,2026-02-09T00:00:00,2026-02-12T00:00:00,12
РЭК,Февраль,Объект 4,47,2026-02-13T00:00:00,до 900 16.02.2026,2026-02-24T00:00:00,2026-02-27T00:00:00,13
РЭК,Март,Объект 5,102,2026-03-02T00:00:00,до 900 03.03.2026,2026-03-13T00:00:00,2026-03-19T00:00:00,14
РЭК,Март,Объект 6,34,2026-03-23T00:00:00,до 900 24.03.2026,2026-04-03T00:00:00,2026-04-08T00:00:00,15
РЭК,Март,Объект 7,12,2026-03-23T00:00:00,до 900 24.03.2026,2026-04-03T00:00:00,2026-04-08T00:00:00,16
РЭК,Апрель,Объект 8,101,2026-04-09T00:00:00,до 900 10.04.2026,2026-04-17T00:00:00,2026-04-22T00:00:00,17
РЭК,Апрель,Объект 9,40,2026-04-23T00:00:00,до 900 24.04.2026,2026-05-07T00:00:00,2026-05-14T00:00:00,18
РЭК,Май,Объект 10,6,2026-05-15T00:00:00,до 900 18.05.2026,2026-05-26T00:00:00,2026-05-29T00:00:00,19
РЭК,Май,Объект 11,8,2026-05-15T00:00:00,до 900 18.05.2026,2026-05-26T00:00:00,2026-05-29T00:00:00,20
РЭК,Май,Объект 12,21,2026-05-15T00:00:00,до 900 18.05.2026,2026-05-26T00:00:00,2026-05-29T00:00:00,21
РЭК,Май,Объект 13,21,2026-05-15T00:00:00,до 900 18.05.2026,2026-05-26T00:00:00,2026-05-29T00:00:00,22
РЭК,Июнь,Объект 14,33,2026-06-04T00:00:00,до 900 05.06.2026,2026-06-18T00:00:00,2026-06-29T00:00:00,23
РЭК,Июль,Объект 15,41,2026-07-02T00:00:00,до 900 03.07.2026,2026-07-16T00:00:00,2026-07-23T00:00:00,24
РЭК,Август,Объект 16,95,2026-07-28T00:00:00,до 900 29.07.2026,2026-08-14T00:00:00,2026-08-19T00:00:00,25
РЭК,Август,Объект 17,22,2026-07-28T00:00:00,до 900 29.07.2026,2026-08-14T00:00:00,2026-08-21T00:00:00,26
РЭК,Август,Объект 18,21,2026-08-24T00:00:00,до 900 25.08.2026,2026-09-04T00:00:00,2026-09-10T00:00:00,27
РЭК,Август,Объект 19,5,2026-08-24T00:00:00,до 900 25.08.2026,2026-09-04T00:00:00,2026-09-10T00:00:00,28
РЭК,Сентябрь,Объект 20,79,2026-09-15T00:00:00,до 900 16.09.2026,2026-09-30T00:00:00,2026-10-07T00:00:00,29
РЭК,Сентябрь,Объект 21,17,2026-09-15T00:00:00,до 900 16.09.2026,2026-09-30T00:00:00,2026-10-08T00:00:00,30
РЭК,Октябрь,Объект 22,22,2026-10-13T00:00:00,до 900 14.10.2026,2026-10-23T00:00:00,2026-10-29T00:00:00,31
РЭК,Октябрь,Объект 23,36,2026-10-13T00:00:00,до 900 14.10.2026,2026-10-23T00:00:00,2026-10-29T00:00:00,32
РЭК,Октябрь,Объект 24,4,2026-10-13T00:00:00,до 900 14.10.2026,2026-10-23T00:00:00,2026-10-29T00:00:00,33
РЭК,Ноябрь,Объект 25,55,2026-11-05T00:00:00,до 900 06.11.2026,2026-11-19T00:00:00,2026-11-25T00:00:00,34
РЭК,Декабрь,Объект 26,55,2026-12-02T00:00:00,до 900 03.12.2026,2026-12-17T00:00:00,2026-12-22T00:00:00,35
